date,open,high,low,close
2020-01-02,6722,6804,6712,6800
2020-01-03,6820,6900,6802,6812
2020-01-06,6850,6898,6796,6826
2020-01-07,6800,6886,6746,6886
2020-01-08,6864,6918,6828,6848
2020-01-09,6850,6928,6836,6926
2020-01-10,6924,6950,6856,6938
2020-01-13,6930,6938,6780,6872
2020-01-14,6850,6850,6740,6758
2020-01-15,6730,6788,6654,6670
2020-01-16,6670,6698,6578,6586
2020-01-17,6584,6620,6576,6596
2020-01-20,6560,6628,6534,6626
2020-01-21,6648,6656,6424,6442
2020-01-22,6452,6548,6378,6530
2020-01-23,6580,6618,6374,6440
2020-02-03,6040,6102,6040,6040
2020-02-04,6000,6116,5982,6050
2020-02-05,6050,6172,6038,6158
2020-02-06,6180,6262,6180,6250
2020-02-07,6216,6242,6170,6236
2020-02-10,6190,6232,6166,6174
2020-02-11,6162,6188,6088,6096
2020-02-12,6106,6120,5996,6044
2020-02-13,6074,6076,5942,5974
2020-02-14,5968,5974,5900,5904
2020-02-17,5910,5974,5888,5962
2020-02-18,5960,5980,5856,5864
2020-02-19,5864,5922,5852,5868
2020-02-20,5862,5966,5810,5950
2020-02-21,5928,5968,5928,5942
2020-02-24,5942,5958,5858,5896
2020-02-25,5832,5846,5790,5826
2020-02-26,5778,5826,5738,5798
2020-02-27,5770,5828,5762,5796
2020-02-28,5770,5790,5564,5566
2020-03-02,5600,5692,5592,5678
2020-03-03,5702,5726,5634,5666
2020-03-04,5680,5742,5656,5726
2020-03-05,5762,5832,5714,5776
2020-03-06,5702,5726,5658,5678
2020-03-09,5466,5482,5466,5466
2020-03-10,5370,5542,5350,5474
2020-03-11,5492,5528,5422,5422
2020-03-12,5396,5406,5252,5282
2020-03-13,5190,5286,5114,5280
2020-03-16,5220,5322,5188,5244
2020-03-17,5218,5270,5148,5234
2020-03-18,5220,5346,5204,5234
2020-03-19,5262,5374,5178,5350
2020-03-20,5450,5452,5328,5398
2020-03-23,5400,5456,5338,5414
2020-03-24,5490,5528,5444,5488
2020-03-25,5502,5606,5494,5602
2020-03-26,5640,5646,5492,5516
2020-03-27,5538,5566,5488,5510
2020-03-30,5540,5628,5522,5558
2020-03-31,5568,5606,5456,5468
2020-04-01,5504,5510,5414,5446
2020-04-02,5384,5512,5352,5496
2020-04-03,5500,5532,5424,5458
2020-04-07,5520,5574,5510,5548
2020-04-08,5568,5620,5540,5600
2020-04-09,5584,5696,5584,5672
2020-04-10,5630,5654,5572,5580
2020-04-13,5618,5652,5554,5564
2020-04-14,5542,5564,5470,5492
2020-04-15,5480,5546,5456,5524
2020-04-16,5506,5662,5504,5526
2020-04-17,5528,5568,5470,5558
2020-04-20,5558,5588,5472,5476
2020-04-21,5434,5456,5304,5340
2020-04-22,5310,5398,5304,5386
2020-04-23,5426,5522,5394,5514
2020-04-24,5498,5504,5434,5444
2020-04-27,5394,5412,5326,5352
2020-04-28,5400,5406,5308,5352
2020-04-29,5374,5388,5336,5344
2020-04-30,5384,5412,5358,5378
2020-05-06,5358,5380,5310,5314
2020-05-07,5300,5388,5284,5356
2020-05-08,5362,5418,5356,5370
2020-05-11,5398,5426,5352,5364
2020-05-12,5370,5382,5310,5320
2020-05-13,5338,5406,5312,5392
2020-05-14,5392,5404,5302,5324
2020-05-15,5332,5418,5332,5416
2020-05-18,5412,5448,5384,5420
2020-05-19,5442,5470,5402,5422
2020-05-20,5446,5462,5410,5448
2020-05-21,5466,5500,5442,5458
2020-05-22,5470,5490,5380,5392
2020-05-25,5422,5474,5408,5466
2020-05-26,5480,5486,5446,5484
2020-05-27,5480,5534,5462,5522
2020-05-28,5540,5576,5504,5542
2020-05-29,5544,5664,5532,5646
2020-06-01,5656,5684,5620,5660
2020-06-02,5650,5680,5630,5638
2020-06-03,5676,5722,5644,5684
2020-06-04,5710,5714,5622,5644
2020-06-05,5630,5694,5622,5682
2020-06-08,5696,5704,5638,5686
2020-06-09,5684,5784,5646,5772
2020-06-10,5750,5766,5698,5704
2020-06-11,5700,5722,5652,5694
2020-06-12,5672,5682,5588,5660
2020-06-15,5672,5708,5564,5572
2020-06-16,5572,5668,5572,5660
2020-06-17,5666,5694,5610,5652
2020-06-18,5642,5710,5634,5668
2020-06-19,5680,5808,5666,5804
2020-06-22,5828,5830,5754,5784
2020-06-23,5786,5802,5742,5754
2020-06-24,5780,5780,5738,5756
2020-06-29,5680,5692,5578,5586
2020-06-30,5606,5664,5598,5644
2020-07-01,5622,5674,5592,5662
2020-07-02,5662,5754,5652,5736
2020-07-03,5722,5798,5722,5778
2020-07-06,5766,5876,5762,5840
2020-07-07,5824,5856,5736,5746
2020-07-08,5756,5816,5750,5792
2020-07-09,5800,5852,5798,5838
2020-07-10,5838,5880,5764,5776
2020-07-13,5808,5846,5754,5816
2020-07-14,5800,5886,5772,5884
2020-07-15,5892,5948,5876,5914
2020-07-16,5922,6028,5880,5952
2020-07-17,5942,6162,5934,6124
2020-07-20,6134,6288,6118,6228
2020-07-21,6246,6252,6112,6196
2020-07-22,6194,6320,6172,6180
2020-07-23,6180,6276,6130,6268
2020-07-24,6268,6324,6186,6230
2020-07-27,6270,6284,6162,6198
2020-07-28,6168,6234,6054,6078
2020-07-29,6076,6180,6070,6166
2020-07-30,6164,6272,6164,6272
2020-07-31,6280,6304,6170,6262
2020-08-03,6278,6488,6266,6464
2020-08-04,6456,6520,6408,6492
2020-08-05,6468,6480,6320,6332
2020-08-06,6282,6306,6206,6256
2020-08-07,6330,6378,6228,6264
2020-08-10,6270,6272,6092,6196
2020-08-11,6190,6270,6138,6188
2020-08-12,6172,6206,6104,6130
2020-08-13,6200,6422,6182,6418
2020-08-14,6400,6428,6350,6362
2020-08-17,6362,6508,6312,6472
2020-08-18,6468,6506,6422,6474
2020-08-19,6526,6580,6460,6528
2020-08-20,6546,6550,6366,6406
2020-08-21,6400,6420,6328,6380
2020-08-24,6358,6412,6332,6374
2020-08-25,6410,6468,6334,6344
2020-08-26,6334,6486,6306,6484
2020-08-27,6476,6546,6470,6540
2020-08-28,6578,6684,6560,6648
2020-08-31,6630,6726,6598,6682
2020-09-01,6690,6716,6570,6710
2020-09-02,6690,6720,6626,6700
2020-09-03,6694,6840,6672,6772
2020-09-04,6818,6830,6712,6742
2020-09-07,6726,6814,6712,6786
2020-09-08,6786,6922,6756,6906
2020-09-09,6852,6878,6766,6802
2020-09-10,6804,6836,6750,6798
2020-09-11,6802,6838,6720,6832
2020-09-14,6832,7008,6808,6998
2020-09-15,6978,7054,6954,6968
2020-09-16,6990,7044,6940,7040
2020-09-17,7046,7218,7022,7180
2020-09-18,7152,7382,7150,7330
2020-09-21,7324,7472,7282,7446
2020-09-22,7380,7398,7160,7172
2020-09-23,7214,7264,6990,7012
2020-09-24,6988,7042,6858,6876
2020-09-25,6870,6930,6812,6914
2020-09-28,6946,7018,6882,6924
2020-09-29,6940,6976,6858,6926
2020-09-30,6882,6886,6724,6752
2020-10-09,6900,7072,6890,7036
2020-10-12,7070,7240,7046,7210
2020-10-13,7198,7212,7064,7162
2020-10-14,7180,7190,7084,7158
2020-10-15,7144,7190,7054,7088
2020-10-16,7020,7042,6860,6992
2020-10-19,7024,7044,6788,6846
2020-10-20,6816,6940,6790,6938
2020-10-21,6950,7088,6912,7038
2020-10-22,7020,7158,6884,7156
2020-10-23,7158,7198,7092,7108
2020-10-26,7112,7312,7058,7258
2020-10-27,7322,7358,7254,7290
2020-10-28,7276,7324,7194,7260
2020-10-29,7162,7246,7070,7214
2020-10-30,7180,7350,7116,7166
2020-11-02,7200,7256,7100,7116
2020-11-03,7138,7356,7118,7346
2020-11-04,7370,7434,7328,7400
2020-11-05,7418,7480,7294,7406
2020-11-06,7440,7574,7426,7508
2020-11-09,7490,7596,7360,7388
2020-11-10,7510,7532,7350,7430
2020-11-11,7468,7628,7450,7600
2020-11-12,7550,7662,7524,7546
2020-11-13,7566,7636,7526,7612
2020-11-16,7640,7780,7620,7742
2020-11-17,7766,7870,7700,7856
2020-11-18,7826,7848,7766,7832
2020-11-19,7880,8002,7880,7984
2020-11-20,7926,8036,7876,7916
2020-11-23,7938,7974,7720,7724
2020-11-24,7800,7810,7616,7712
2020-11-25,7660,7824,7620,7794
2020-11-26,7806,7828,7742,7790
2020-11-27,7782,7836,7672,7760
2020-11-30,7812,7910,7666,7726
2020-12-01,7746,7770,7600,7724
2020-12-02,7736,7778,7642,7676
2020-12-03,7642,7868,7620,7858
2020-12-04,7910,7954,7846,7942
2020-12-07,7972,8056,7924,7948
2020-12-08,7900,7936,7768,7768
2020-12-09,7772,7826,7734,7818
2020-12-10,7800,7844,7752,7778
2020-12-11,7810,7966,7806,7952
2020-12-14,7394,7520,7332,7504
2020-12-15,7520,7570,7424,7458
2020-12-16,7480,7584,7444,7558
2020-12-17,7560,7614,7524,7572
2020-12-18,7554,7760,7544,7720
2020-12-21,7736,7772,7676,7700
2020-12-22,7644,7778,7482,7506
2020-12-23,7560,7680,7516,7660
2020-12-24,7762,7918,7730,7860
2020-12-25,7860,7954,7844,7940
2020-12-28,7940,7948,7700,7740
2020-12-29,7740,7776,7688,7712
2020-12-30,7720,7966,7710,7840
2020-12-31,7842,7952,7836,7894
2021-01-04,7950,8086,7900,7984
2021-01-05,8012,8034,7880,7960
2021-01-06,8000,8146,7962,8134
2021-01-07,8150,8196,8094,8162
2021-01-08,8138,8184,8080,8150
2021-01-11,8164,8250,8024,8058
2021-01-12,8070,8098,7866,8008
2021-01-13,7942,8102,7904,7978
2021-01-14,7978,7984,7730,7748
2021-01-15,7714,7868,7626,7666
2021-01-18,7652,7778,7594,7744
2021-01-19,7752,7784,7620,7688
2021-01-20,7620,7704,7502,7542
2021-01-21,7552,7670,7522,7640
2021-01-22,7676,7712,7536,7552
2021-01-25,7560,7630,7430,7590
2021-01-26,7540,7680,7538,7604
2021-01-27,7700,7826,7656,7818
2021-01-28,7830,7882,7754,7806
2021-01-29,7880,7886,7774,7854
2021-02-01,7882,7904,7758,7782
2021-02-02,7800,7802,7662,7708
2021-02-03,7666,7692,7514,7538
2021-02-04,7530,7644,7506,7620
2021-02-05,7618,7730,7588,7722
2021-02-08,7698,7784,7694,7760
2021-02-09,7770,7996,7762,7986
2021-02-10,7986,7996,7930,7988
2021-02-18,8206,8224,8144,8194
2021-02-19,8168,8330,8132,8282
2021-02-22,8298,8458,8276,8390
2021-02-23,8380,8526,8338,8466
2021-02-24,8500,8612,8438,8590
2021-02-25,8616,8806,8546,8748
2021-02-26,8796,8816,8532,8660
2021-03-01,8636,8972,8586,8858
2021-03-02,8840,8888,8714,8754
2021-03-03,8824,8886,8640,8816
2021-03-04,8832,9018,8756,8972
2021-03-05,8982,9052,8858,8978
2021-03-08,9002,9492,9002,9388
2021-03-09,9386,9522,9332,9348
2021-03-10,9430,9456,9232,9362
2021-03-11,9338,9338,9058,9250
2021-03-12,9324,9460,9200,9280
2021-03-15,9300,9496,9222,9402
2021-03-16,9396,9534,9314,9320
2021-03-17,9268,9294,9164,9280
2021-03-18,9250,9256,8962,9080
2021-03-19,9026,9060,8840,8862
2021-03-22,8864,9036,8864,8940
2021-03-23,8984,9468,8982,9238
2021-03-24,9128,9280,9128,9268
2021-03-25,9260,9304,9170,9228
2021-03-26,9180,9180,8656,8726
2021-03-29,8768,8784,8520,8680
2021-03-30,8726,8772,8504,8540
2021-03-31,8508,8508,8250,8338
2021-04-01,8450,8678,8184,8628
2021-04-02,8620,8672,8460,8660
2021-04-06,8634,8864,8634,8804
2021-04-07,8848,8962,8810,8834
2021-04-08,8834,8870,8606,8638
2021-04-09,8652,8744,8590,8612
2021-04-12,8060,8100,7900,7946
2021-04-13,7946,8048,7852,8028
2021-04-14,8052,8100,8004,8070
2021-04-15,8050,8174,8014,8096
2021-04-16,8102,8296,8074,8248
2021-04-19,8256,8340,8208,8232
2021-04-20,8232,8366,8176,8362
2021-04-21,8440,8506,8378,8488
2021-04-22,8432,8650,8406,8586
2021-04-23,8608,8732,8556,8708
2021-04-26,8654,8806,8490,8524
2021-04-27,8500,8700,8374,8636
2021-04-28,8686,8712,8394,8458
2021-04-29,8488,8592,8464,8506
2021-04-30,8570,8580,8350,8446
2021-05-06,8750,8942,8684,8896
2021-05-07,8896,9030,8826,8980
2021-05-10,9012,9040,8802,8850
2021-05-11,8900,8914,8712,8850
2021-05-12,8870,9184,8816,9172
2021-05-13,9150,9278,9050,9188
2021-05-14,9100,9150,8854,8964
2021-05-17,9000,9208,8858,8892
2021-05-18,8920,9140,8884,9120
2021-05-19,9170,9196,8924,8970
2021-05-20,8808,8902,8662,8880
2021-05-21,8748,8770,8500,8512
2021-05-24,8500,8548,8300,8486
2021-05-25,8508,8606,8486,8576
2021-05-26,8602,8664,8452,8640
2021-05-27,8606,8632,8420,8432
2021-05-28,8450,8696,8450,8606
2021-05-31,8568,8698,8478,8546
2021-06-01,8550,8658,8516,8636
2021-06-02,8690,8844,8642,8834
2021-06-03,8888,9160,8864,9112
2021-06-04,9110,9122,8902,8932
2021-06-07,8988,9222,8926,9006
2021-06-08,9006,9056,8712,8736
2021-06-09,8766,8864,8694,8722
2021-06-10,8670,8848,8612,8812
2021-06-11,8788,8822,8590,8628
2021-06-15,8154,8298,8090,8254
2021-06-16,8274,8330,8006,8038
2021-06-17,8056,8120,7876,8032
2021-06-18,7852,7970,7678,7790
2021-06-21,7890,7974,7810,7920
2021-06-22,7900,8180,7882,8038
2021-06-23,8026,8232,8010,8166
2021-06-24,8134,8248,8072,8078
2021-06-25,8030,8218,8022,8204
2021-06-28,8248,8254,7966,8152
2021-06-29,8184,8188,8026,8130
2021-06-30,8244,8292,8178,8282
2021-07-01,8250,8534,8232,8514
2021-07-02,8580,8622,8464,8594
2021-07-05,8608,8684,8502,8542
2021-07-06,8542,8666,8542,8626
2021-07-07,8576,8604,8360,8490
2021-07-08,8460,8554,8374,8528
2021-07-09,8458,8650,8440,8634
2021-07-12,8628,8774,8600,8644
2021-07-13,8636,8790,8632,8772
2021-07-14,8800,8870,8732,8850
2021-07-15,8850,8954,8802,8902
2021-07-16,8922,9018,8852,8912
2021-07-19,8956,9128,8950,8950
2021-07-20,8888,9064,8798,9044
2021-07-21,9044,9076,8870,8936
2021-07-22,8940,8996,8824,8884
2021-07-23,8812,9024,8810,8988
2021-07-26,9024,9028,8832,8968
2021-07-27,8998,9186,8964,9156
2021-07-28,9196,9196,8938,8942
2021-07-29,8960,9018,8926,8986
2021-07-30,9010,9026,8886,8978
2021-08-02,8946,8950,8632,8636
2021-08-03,8588,8682,8526,8646
2021-08-04,8582,8848,8556,8820
2021-08-05,8810,8886,8788,8868
2021-08-06,8872,8926,8808,8906
2021-08-09,8910,9050,8890,8980
2021-08-10,8888,9054,8858,9040
2021-08-11,9040,9292,9008,9290
2021-08-12,9300,9320,9204,9218
2021-08-13,9228,9288,9136,9202
2021-08-16,9214,9504,9214,9320
2021-08-17,9076,9260,9050,9188
2021-08-18,9160,9188,8962,9024
2021-08-19,8988,9096,8926,9024
2021-08-20,8966,8994,8834,8976
2021-08-23,8912,9012,8740,8936
2021-08-24,8978,9028,8854,8990
2021-08-25,9032,9124,8986,9110
2021-08-26,9110,9246,9064,9104
2021-08-27,9144,9160,8980,9074
2021-08-30,9090,9224,9006,9012
2021-08-31,8990,9144,8966,9120
2021-09-01,9060,9086,8924,8940
2021-09-02,8922,8968,8850,8910
2021-09-03,8964,9206,8920,9152
2021-09-06,9152,9202,9098,9162
2021-09-07,9198,9258,9122,9206
2021-09-08,9206,9244,9076,9192
2021-09-09,9280,9290,9052,9168
2021-09-10,9126,9204,8950,8958
2021-09-13,8960,9124,8944,9004
2021-09-14,9002,9022,8912,8978
2021-09-15,9002,9048,8880,9030
2021-09-16,9050,9200,9008,9110
2021-09-17,9094,9130,8830,8864
2021-09-22,8786,8952,8784,8930
2021-09-23,8964,9180,8916,9176
2021-09-24,9176,9234,9090,9222
2021-09-27,9210,9254,9080,9090
2021-09-28,9090,9184,8908,9174
2021-09-29,9174,9224,9034,9142
2021-09-30,9152,9398,9112,9356
2021-10-08,9702,9826,9622,9714
2021-10-11,9736,9928,9690,9762
2021-10-12,9788,9852,9630,9672
2021-10-13,9640,9746,9464,9694
2021-10-14,9740,9756,9456,9580
2021-10-15,9592,9740,9542,9716
2021-10-18,9718,9912,9668,9872
2021-10-19,9870,10016,9792,10002
2021-10-20,9960,10158,9808,10120
2021-10-21,10160,10406,10120,10128
2021-10-22,10030,10110,9710,9806
2021-10-25,9806,9948,9756,9892
2021-10-26,9924,10100,9864,9998
2021-10-27,9998,10034,9826,9896
2021-10-28,9880,9890,9610,9772
2021-10-29,9796,9984,9768,9984
2021-11-01,9962,9972,9766,9770
2021-11-02,9830,9938,9690,9886
2021-11-03,9902,10112,9808,10094
2021-11-04,10098,10100,9686,9700
2021-11-05,9760,9792,9502,9614
2021-11-08,9512,9572,8970,9404
2021-11-09,9420,9442,9032,9112
2021-11-10,9150,9408,9082,9390
2021-11-11,9390,9540,9340,9472
2021-11-12,9472,9580,9374,9498
2021-11-15,9450,9686,9392,9508
2021-11-16,9508,9644,9452,9466
2021-11-17,9500,9600,9454,9582
2021-11-18,9630,9672,9522,9644
2021-11-19,9666,9722,9592,9698
2021-11-22,9586,9708,9440,9470
2021-11-23,9494,9656,9362,9368
2021-11-24,9376,9502,9310,9468
2021-11-25,9500,9606,9424,9560
2021-11-26,9544,9554,9406,9452
2021-11-29,9384,9548,9302,9382
2021-11-30,9382,9416,9028,9054
2021-12-01,8998,9158,8922,9124
2021-12-02,9118,9140,8878,8956
2021-12-03,8960,9198,8890,9178
2021-12-06,9180,9380,9158,9276
2021-12-07,9276,9426,9272,9360
2021-12-08,9390,9420,9168,9198
2021-12-09,9200,9280,9096,9118
2021-12-10,8412,8554,8362,8394
2021-12-13,8432,8476,8292,8380
2021-12-14,8370,8410,8224,8264
2021-12-15,8248,8296,8106,8190
2021-12-16,8188,8398,8168,8286
2021-12-17,8292,8448,8276,8410
2021-12-20,8368,8438,8220,8222
2021-12-21,8202,8400,8200,8376
2021-12-22,8396,8494,8374,8470
2021-12-23,8500,8620,8460,8566
2021-12-24,8554,8792,8530,8792
2021-12-27,8800,8826,8738,8776
2021-12-28,8776,8936,8748,8878
2021-12-29,8938,8950,8742,8764
2021-12-30,8770,8894,8758,8844
2021-12-31,8816,8898,8784,8880
2022-01-04,8906,8998,8852,8914
2022-01-05,8950,9142,8914,9044
2022-01-06,9064,9110,8898,8930
2022-01-07,8972,9074,8950,9046
2022-01-10,9054,9188,8908,9162
2022-01-11,9120,9130,9002,9114
2022-01-12,9122,9152,9018,9058
2022-01-13,9070,9188,9050,9118
2022-01-14,9156,9168,8982,9164
2022-01-17,9186,9200,8988,9124
2022-01-18,9160,9218,9116,9196
2022-01-19,9158,9372,9136,9234
2022-01-20,9240,9446,9236,9416
2022-01-21,9416,9562,9404,9550
2022-01-24,9590,9652,9432,9436
2022-01-25,9414,9434,9302,9322
2022-01-26,9322,9414,9264,9388
2022-01-27,9416,9600,9364,9556
2022-01-28,9576,9840,9576,9836
2022-02-07,10000,10356,10000,10042
2022-02-08,10050,10144,9850,9930
2022-02-09,9850,9882,9688,9864
2022-02-10,9950,9992,9794,9870
2022-02-11,9900,9956,9736,9754
2022-02-14,9820,10000,9792,9894
2022-02-15,9852,9972,9788,9950
2022-02-16,9860,9948,9708,9942
2022-02-17,9900,10038,9866,9946
2022-02-18,10080,10128,9962,10116
2022-02-21,10116,10294,10020,10182
2022-02-22,10192,10352,10142,10216
2022-02-23,10000,10392,9886,10296
2022-02-24,10334,10778,10276,10724
2022-02-25,10708,10928,10328,10458
2022-02-28,10200,10624,10110,10590
2022-03-01,10574,11036,10478,10880
2022-03-02,11044,11400,10880,11016
2022-03-03,11016,11338,10974,11224
2022-03-04,11116,11188,10656,10798
2022-03-07,10850,11154,10738,10830
2022-03-08,10830,10928,10554,10834
2022-03-09,10742,11236,10632,11118
2022-03-10,10950,11008,10550,10694
2022-03-11,10818,10922,10538,10590
2022-03-14,10550,10594,10280,10402
2022-03-15,10454,10490,10188,10230
2022-03-16,10200,10534,10188,10466
2022-03-17,10480,10530,10226,10294
2022-03-18,10410,10574,10400,10436
2022-03-21,10204,10426,10150,10290
2022-03-22,10250,10470,10234,10408
2022-03-23,10378,10424,10208,10304
2022-03-24,10400,10722,10344,10348
2022-03-25,10140,10216,10066,10102
2022-03-28,10108,10300,10060,10130
2022-03-29,10096,10174,10002,10122
2022-03-30,9950,10044,9890,10028
2022-03-31,10068,10196,9950,10174
2022-04-01,10150,10250,9880,9904
2022-04-06,10068,10388,9996,10370
2022-04-07,10290,10446,10230,10322
2022-04-08,10366,10500,10330,10496
2022-04-11,10514,10610,10434,10482
2022-04-12,10460,10752,10430,10708
2022-04-13,10708,10790,10638,10664
2022-04-14,10704,10968,10652,10818
2022-04-15,10818,10956,10754,10942
2022-04-18,10960,11056,10848,10916
2022-04-19,10962,11114,10932,11090
2022-04-20,11002,11092,10886,10940
2022-04-21,10976,11088,10928,11038
2022-04-22,11016,11166,10958,11072
2022-04-25,11360,11556,10936,10942
2022-04-26,10830,11138,10806,11130
2022-04-27,11150,11298,11086,11286
2022-04-28,11550,11630,11230,11418
2022-04-29,11418,11580,11372,11524
2022-05-05,11540,11540,11236,11278
2022-05-06,11250,11348,11084,11112
2022-05-09,11112,11168,11040,11088
2022-05-10,11050,11094,10826,10998
2022-05-11,10998,11088,10876,11024
2022-05-12,11030,11230,10986,11052
2022-05-13,11014,11342,11012,11326
2022-05-16,11326,11472,11246,11372
2022-05-17,11372,11414,11206,11286
2022-05-18,11312,11356,11256,11276
2022-05-19,11298,11316,11160,11296
2022-05-20,11150,11442,11092,11428
2022-05-23,11360,11512,11356,11454
2022-05-24,11490,11508,11380,11480
2022-05-25,11550,11610,11460,11572
2022-05-26,11532,11586,11450,11550
2022-05-27,11570,11814,11530,11740
2022-05-30,11700,11792,11590,11604
2022-05-31,11590,11796,11572,11776
2022-06-01,11776,11790,11608,11706
2022-06-02,11736,11788,11634,11770
2022-06-06,11900,11952,11794,11906
2022-06-07,11906,12004,11846,11998
2022-06-08,11966,12280,11952,12122
2022-06-09,12176,12188,11768,11794
2022-06-10,11780,11994,11770,11886
2022-06-13,11820,11852,11654,11718
2022-06-14,11720,11820,11680,11798
2022-06-15,11798,11816,11558,11566
2022-06-16,11570,11626,11352,11380
2022-06-17,11374,11452,11288,11354
2022-06-20,11350,11396,11036,11088
2022-06-21,11002,11074,10800,10806
2022-06-22,10836,10864,10342,10372
2022-06-23,10152,10374,10082,10238
2022-06-24,10288,10440,9824,9888
2022-06-27,9964,10294,9860,10176
2022-06-28,10298,10398,10186,10374
2022-06-29,10374,10492,10198,10276
2022-06-30,10336,10380,10214,10280
2022-07-01,10250,10266,9642,9746
2022-07-04,9784,9820,9614,9740
2022-07-05,9680,9712,9192,9234
2022-07-06,9220,9232,8688,8924
2022-07-07,9002,9116,8712,8916
2022-07-08,9068,9348,9054,9174
2022-07-11,9130,9394,9050,9244
2022-07-12,9222,9374,9128,9238
2022-07-13,9128,9160,8568,8830
2022-07-14,8600,9066,8544,9002
2022-07-15,8890,9182,8782,8960
2022-07-18,9046,9340,9042,9310
2022-07-19,9408,9518,9214,9276
2022-07-20,9200,9442,9152,9332
2022-07-21,9350,9392,9088,9246
2022-07-22,9152,9246,9062,9112
2022-07-25,9114,9296,9106,9122
2022-07-26,9500,9500,9174,9458
2022-07-27,9502,9548,9286,9376
2022-07-28,9450,9882,9410,9880
2022-07-29,9880,10084,9806,10062
2022-08-01,10150,10306,9902,9960
2022-08-02,9930,9988,9722,9860
2022-08-03,9856,10078,9748,10010
2022-08-04,10050,10096,9468,9524
2022-08-05,9582,9708,9442,9658
2022-08-08,9618,9948,9460,9946
2022-08-09,9898,9982,9804,9924
2022-08-10,9960,10062,9890,9934
2022-08-11,9996,10098,9936,10006
2022-08-12,10066,10166,9998,10154
2022-08-15,10100,10228,9956,9968
2022-08-16,9834,10050,9814,9974
2022-08-17,9998,10094,9918,10048
2022-08-18,9678,9694,9446,9466
2022-08-19,9494,9636,9406,9546
2022-08-22,9518,9778,9450,9746
2022-08-23,9736,9882,9658,9732
2022-08-24,9780,10066,9758,10020
2022-08-25,9966,10062,9910,9986
2022-08-26,9932,10018,9870,9928
2022-08-29,9928,10028,9826,9982
2022-08-30,9968,9976,9772,9824
2022-08-31,9800,9942,9732,9918
2022-09-01,9850,9884,9502,9514
2022-09-02,9460,9474,9220,9326
2022-09-05,9360,9528,9314,9520
2022-09-06,9510,9624,9446,9558
2022-09-07,9576,9592,9174,9202
2022-09-08,9210,9278,9114,9120
2022-09-09,9060,9266,9030,9136
2022-09-13,9400,9514,9326,9438
2022-09-14,9420,9470,9340,9404
2022-09-15,9410,9484,9236,9264
2022-09-16,9238,9268,9102,9170
2022-09-19,9170,9296,9116,9130
2022-09-20,9094,9130,8952,9092
2022-09-21,9088,9290,9012,9258
2022-09-22,9280,9320,9122,9220
2022-09-23,9228,9260,9060,9124
2022-09-26,9016,9036,8738,8808
2022-09-27,8810,8910,8708,8868
2022-09-28,8900,8930,8702,8794
2022-09-29,8790,8928,8716,8906
2022-09-30,8928,8966,8750,8894
2022-10-10,9350,9350,9076,9142
2022-10-11,9172,9250,9090,9232
2022-10-12,9186,9430,9168,9396
2022-10-13,9392,9550,9362,9428
2022-10-14,9360,9596,9338,9566
2022-10-17,9520,9570,9316,9368
2022-10-18,9412,9520,9388,9480
2022-10-19,9500,9618,9424,9540
2022-10-20,9528,9728,9510,9584
2022-10-21,9614,9656,9488,9594
2022-10-24,9550,9688,9460,9488
2022-10-25,9514,9594,9448,9550
2022-10-26,9516,9626,9460,9544
2022-10-27,9564,9602,9408,9424
2022-10-28,9460,9476,9104,9154
2022-10-31,9122,9194,9018,9072
2022-11-01,9072,9342,8976,9322
2022-11-02,9350,9606,9286,9528
2022-11-03,9494,9594,9460,9560
2022-11-04,9500,9668,9448,9654
2022-11-07,9678,9752,9474,9566
2022-11-08,9570,9630,9438,9498
2022-11-09,9484,9510,9268,9298
2022-11-10,9254,9346,9160,9264
2022-11-11,9238,9402,9146,9350
2022-11-14,9306,9368,9078,9110
2022-11-15,9122,9192,9044,9150
2022-11-16,9108,9298,9100,9188
2022-11-17,9160,9190,9088,9174
2022-11-18,9100,9282,9090,9202
2022-11-21,9214,9232,9006,9072
2022-11-22,9070,9084,8912,9032
2022-11-23,9052,9136,8988,9068
2022-11-24,9030,9232,9002,9218
2022-11-25,9202,9316,9188,9232
2022-11-28,9256,9278,9004,9118
2022-11-29,9130,9432,9108,9392
2022-11-30,9400,9504,9368,9502
2022-12-01,9520,9572,9416,9456
2022-12-02,9442,9498,9190,9242
2022-12-05,9202,9418,9186,9300
2022-12-06,9334,9356,9150,9262
2022-12-07,9276,9348,9220,9232
2022-12-08,9262,9346,9214,9298
2022-12-09,9320,9378,9234,9252
2022-12-12,9256,9306,8934,8962
2022-12-13,8942,9208,8942,9170
2022-12-14,8770,8858,8724,8774
2022-12-15,8800,8842,8672,8718
2022-12-16,8712,8740,8510,8536
2022-12-19,8518,8542,8428,8468
2022-12-20,8480,8558,8410,8428
2022-12-21,8444,8516,8368,8502
2022-12-22,8480,8514,8360,8386
2022-12-23,8390,8412,8248,8276
2022-12-26,8280,8530,8278,8514
2022-12-27,8516,8824,8510,8794
2022-12-28,8836,8850,8752,8838
2022-12-29,8832,8840,8764,8826
2022-12-30,8856,8906,8788,8900
2023-01-03,8866,8922,8730,8894
2023-01-04,8894,8912,8756,8808
2023-01-05,8766,8782,8654,8742
2023-01-06,8772,8786,8638,8748
2023-01-09,8718,8740,8602,8636
2023-01-10,8678,8688,8454,8502
2023-01-11,8522,8556,8474,8510
2023-01-12,8540,8594,8484,8548
2023-01-13,8548,8658,8452,8534
2023-01-16,8488,8592,8410,8560
2023-01-17,8560,8598,8486,8548
2023-01-18,8560,8772,8552,8736
2023-01-19,8730,8790,8670,8756
2023-01-20,8756,8812,8724,8788
2023-01-30,8900,8958,8806,8912
2023-01-31,8916,8946,8824,8856
2023-02-01,8846,8910,8744,8774
2023-02-02,8774,8790,8508,8534
2023-02-03,8512,8632,8502,8606
2023-02-06,8600,8672,8528,8642
2023-02-07,8676,8740,8594,8738
2023-02-08,8738,8832,8738,8768
2023-02-09,8774,8804,8706,8762
2023-02-10,8762,8788,8562,8604
2023-02-13,8630,8766,8612,8636
2023-02-14,8658,8736,8652,8680
2023-02-15,8688,8716,8592,8624
2023-02-16,8644,8744,8564,8738
2023-02-17,8758,8904,8756,8888
2023-02-20,8850,8940,8840,8908
2023-02-21,8908,8988,8844,8878
2023-02-22,8876,8962,8850,8900
2023-02-23,8888,8932,8818,8844
2023-02-24,8878,8950,8828,8950
2023-02-27,8940,8944,8846,8882
2023-02-28,8902,8914,8804,8848
2023-03-01,8850,8880,8766,8864
2023-03-02,8852,8914,8810,8892
2023-03-03,8888,9042,8852,9040
2023-03-06,9026,9052,8876,8892
2023-03-07,8864,8900,8854,8882
2023-03-08,8862,8878,8728,8746
2023-03-09,8740,8786,8722,8748
2023-03-10,8762,8812,8556,8560
2023-03-13,8556,8604,8508,8544
2023-03-14,8450,8486,8322,8370
2023-03-15,8394,8456,8366,8370
2023-03-16,8302,8360,8126,8166
2023-03-17,8198,8230,8060,8182
2023-03-20,8148,8248,8088,8124
2023-03-21,8184,8228,8104,8116
2023-03-22,8162,8184,7856,7924
2023-03-23,7950,7954,7830,7852
2023-03-24,7828,7872,7564,7848
2023-03-27,7792,7918,7752,7838
2023-03-28,7872,8018,7846,8000
2023-03-29,8006,8090,7988,8026
2023-03-30,8054,8154,7996,8144
2023-03-31,8192,8230,8122,8138
2023-04-03,8140,8388,8140,8292
2023-04-04,8306,8412,8292,8410
2023-04-06,8298,8418,8266,8306
2023-04-07,8264,8372,8222,8274
2023-04-10,8270,8288,8138,8156
2023-04-11,8150,8282,8132,8274
2023-04-12,8240,8318,8172,8216
2023-04-13,8216,8218,8124,8184
2023-04-14,8188,8264,8090,8110
2023-04-17,8130,8130,8002,8082
2023-04-18,7852,8012,7806,8010
2023-04-19,7990,8028,7886,7914
2023-04-20,7882,7928,7714,7744
2023-04-21,7744,7754,7544,7550
2023-04-24,7560,7646,7476,7528
2023-04-25,7538,7630,7488,7546
2023-04-26,7536,7618,7422,7596
2023-04-27,7580,7644,7458,7470
2023-04-28,7452,7510,7434,7468
2023-05-04,7470,7606,7352,7604
2023-05-05,7616,7636,7472,7596
2023-05-08,7596,7710,7584,7676
2023-05-09,7704,7724,7548,7552
2023-05-10,7576,7622,7514,7524
2023-05-11,7542,7554,7326,7326
2023-05-12,7272,7394,7262,7328
2023-05-15,7348,7414,7190,7346
2023-05-16,7368,7378,7224,7238
2023-05-17,7218,7244,7096,7148
2023-05-18,7156,7214,7096,7142
2023-05-19,7120,7238,7102,7182
2023-05-22,7226,7256,7010,7040
2023-05-23,7060,7142,7018,7076
2023-05-24,7102,7108,6966,6988
2023-05-25,7000,7090,6944,7074
2023-05-26,7092,7208,7056,7198
2023-05-29,7212,7228,7084,7098
2023-05-30,7106,7112,6984,7020
2023-05-31,6976,6988,6748,6780
2023-06-01,6728,6926,6710,6926
2023-06-02,6950,6992,6880,6974
2023-06-05,6994,7092,6976,7030
2023-06-06,7030,7090,6930,7040
2023-06-07,7010,7122,6968,7016
2023-06-08,7010,7066,6964,7006
2023-06-09,6992,7220,6988,7206
2023-06-12,7204,7298,7152,7176
2023-06-13,7188,7246,7126,7224
2023-06-14,7254,7358,7254,7310
2023-06-15,7318,7408,7268,7382
2023-06-16,7412,7706,7382,7688
2023-06-19,7704,7804,7660,7722
2023-06-20,7714,7808,7708,7770
2023-06-21,7716,7772,7498,7630
2023-06-26,7650,7724,7556,7658
2023-06-27,7676,7740,7630,7652
2023-06-28,7574,7784,7530,7754
2023-06-29,7680,7700,7588,7682
2023-06-30,7650,7804,7640,7742
2023-07-03,7734,8198,7730,8198
2023-07-04,8204,8226,8044,8094
2023-07-05,8062,8164,8016,8116
2023-07-06,8102,8148,8038,8106
2023-07-07,8096,8120,7968,8014
2023-07-10,8024,8078,7938,8028
2023-07-11,8066,8210,8008,8028
2023-07-12,8046,8144,7998,8068
2023-07-13,8080,8150,7898,7958
2023-07-14,8028,8212,7990,8060
2023-07-17,8102,8126,7954,8012
2023-07-18,8028,8118,7992,8054
2023-07-19,8090,8176,8052,8174
2023-07-20,8230,8310,8188,8252
2023-07-21,8264,8288,8122,8128
2023-07-24,8096,8106,7968,8030
2023-07-25,8130,8198,8062,8096
2023-07-26,8064,8240,8052,8232
2023-07-27,8182,8318,8180,8230
2023-07-28,8250,8278,8126,8198
2023-07-31,8198,8226,7982,8024
2023-08-01,8018,8130,7998,8126
2023-08-02,8106,8230,8072,8216
2023-08-03,8182,8232,8024,8032
2023-08-04,8060,8220,8030,8194
2023-08-07,8194,8272,8076,8088
2023-08-08,8062,8106,7970,7986
2023-08-09,7944,8182,7872,8170
2023-08-10,8174,8222,8122,8168
2023-08-11,8132,8226,8108,8146
2023-08-14,8148,8262,8132,8220
2023-08-15,8218,8426,8188,8360
2023-08-16,8020,8068,7948,8002
2023-08-17,8044,8080,7974,8076
2023-08-18,8076,8148,8052,8084
2023-08-21,8070,8242,8028,8168
2023-08-22,8184,8208,8054,8130
2023-08-23,8108,8176,8014,8134
2023-08-24,8122,8374,8112,8290
2023-08-25,8280,8490,8268,8486
2023-08-28,8510,8660,8366,8416
2023-08-29,8422,8534,8346,8438
2023-08-30,8438,8570,8412,8460
2023-08-31,8510,8546,8460,8470
2023-09-01,8500,8590,8408,8590
2023-09-04,8590,8610,8360,8402
2023-09-05,8400,8444,8320,8388
2023-09-06,8388,8500,8382,8410
2023-09-07,8422,8454,8272,8320
2023-09-08,8320,8338,8168,8252
2023-09-11,8266,8388,8210,8258
2023-09-12,8200,8310,8198,8274
2023-09-13,8280,8360,8154,8160
2023-09-14,8176,8298,8132,8290
2023-09-15,8312,8402,8284,8310
2023-09-18,8286,8288,8164,8216
2023-09-19,8198,8208,8050,8050
2023-09-20,8078,8134,8040,8090
2023-09-21,8084,8092,7840,7844
2023-09-22,7856,7940,7844,7938
2023-09-25,7958,8006,7908,7962
2023-09-26,7984,8034,7912,7946
2023-09-27,7946,8056,7922,8052
2023-09-28,8074,8150,8052,8150
2023-10-09,8020,8060,7898,7932
2023-10-10,7906,7956,7708,7756
2023-10-11,7750,7842,7726,7790
2023-10-12,7760,7878,7740,7878
2023-10-13,7906,8036,7856,8022
2023-10-16,8060,8080,7988,8040
2023-10-17,8060,8098,8038,8068
2023-10-18,8068,8186,8050,8066
2023-10-19,8090,8126,8036,8088
2023-10-20,8066,8096,7930,7972
2023-10-23,7972,8006,7874,7892
2023-10-24,7888,7924,7754,7806
2023-10-25,7822,7854,7730,7756
2023-10-26,7766,7998,7758,7990
2023-10-27,7976,8010,7866,7974
2023-10-30,8004,8054,7984,8020
2023-10-31,8014,8036,7878,7926
2023-11-01,7948,8026,7902,7986
2023-11-02,7998,8146,7920,8124
2023-11-03,8120,8198,8104,8178
2023-11-06,8200,8228,8126,8208
2023-11-07,8220,8268,8144,8150
2023-11-08,8146,8268,8128,8240
2023-11-09,8218,8268,8128,8192
2023-11-10,8210,8242,8132,8232
2023-11-13,8246,8290,8178,8240
2023-11-14,8210,8386,8180,8360
2023-11-15,8370,8494,8362,8474
2023-11-16,8474,8526,8412,8454
2023-11-17,8440,8454,8262,8310
2023-11-20,8326,8364,8262,8324
2023-11-21,8348,8426,8274,8280
2023-11-22,8280,8394,8236,8360
2023-11-23,8310,8322,8202,8230
2023-11-24,8230,8242,8146,8172
2023-11-27,8150,8212,8082,8208
2023-11-28,8208,8262,8178,8226
2023-11-29,8248,8306,8160,8172
2023-11-30,8200,8278,8184,8260
2023-12-01,8258,8276,8080,8106
2023-12-04,8118,8176,8058,8116
2023-12-05,8118,8138,8060,8084
2023-12-06,8078,8084,7930,7970
2023-12-07,7970,8012,7814,7936
2023-12-08,7936,8096,7924,8094
2023-12-11,8076,8116,8006,8082
2023-12-12,8062,8136,8052,8098
2023-12-13,7736,7738,7594,7610
2023-12-14,7616,7650,7570,7580
2023-12-15,7616,7670,7552,7572
2023-12-18,7570,7628,7512,7626
2023-12-19,7630,7658,7592,7612
2023-12-20,7592,7650,7592,7612
2023-12-21,7634,7688,7566,7644
2023-12-22,7616,7626,7468,7576
2023-12-25,7576,7618,7462,7592
2023-12-26,7600,7644,7590,7616
2023-12-27,7616,7720,7612,7714
2023-12-28,7676,7708,7630,7656
2023-12-29,7646,7666,7520,7522
2024-01-02,7522,7558,7440,7468
2024-01-03,7450,7468,7328,7372
2024-01-04,7386,7426,7346,7392
2024-01-05,7396,7424,7340,7392
2024-01-08,7390,7448,7340,7370
2024-01-09,7350,7452,7286,7420
2024-01-10,7458,7578,7432,7548
2024-01-11,7532,7566,7486,7536
2024-01-12,7526,7538,7462,7508
2024-01-15,7538,7544,7416,7494
2024-01-16,7480,7526,7444,7516
2024-01-17,7520,7574,7402,7410
2024-01-18,7394,7516,7378,7484
2024-01-19,7498,7624,7454,7612
2024-01-22,7618,7662,7560,7576
2024-01-23,7560,7646,7532,7608
2024-01-24,7570,7684,7564,7674
2024-01-25,7668,7694,7628,7652
2024-01-26,7650,7654,7530,7588
2024-01-29,7564,7578,7394,7400
2024-01-30,7400,7418,7200,7204
2024-01-31,7200,7302,7182,7212
2024-02-01,7200,7256,7180,7214
2024-02-02,7212,7230,7104,7144
2024-02-05,7174,7174,7096,7124
2024-02-06,7124,7162,7100,7132
2024-02-07,7150,7172,7044,7112
2024-02-08,7104,7200,7060,7182
2024-02-19,7162,7270,7094,7254
2024-02-20,7276,7348,7258,7264
2024-02-21,7266,7324,7246,7284
2024-02-22,7250,7314,7234,7304
2024-02-23,7284,7292,7220,7262
2024-02-26,7252,7266,7172,7198
2024-02-27,7182,7298,7182,7294
2024-02-28,7302,7344,7278,7288
2024-02-29,7266,7360,7262,7358
2024-03-01,7342,7444,7330,7438
2024-03-04,7438,7440,7376,7418
2024-03-05,7398,7440,7378,7424
2024-03-06,7420,7536,7408,7508
2024-03-07,7522,7550,7470,7508
2024-03-08,7548,7658,7506,7646
2024-03-11,7606,7650,7586,7614
2024-03-12,7624,7700,7620,7682
2024-03-13,7664,7710,7632,7704
2024-03-14,7720,7858,7680,7770
2024-03-15,7748,7872,7748,7818
2024-03-18,7792,7952,7780,7844
2024-03-19,7860,7898,7772,7820
2024-03-20,7760,7912,7756,7890
2024-03-21,7898,8030,7884,7928
2024-03-22,7908,7958,7846,7866
2024-03-25,7878,7886,7758,7838
2024-03-26,7850,7938,7776,7784
2024-03-27,7786,7800,7662,7684
2024-03-28,7684,7712,7624,7678
2024-03-29,7702,7792,7630,7790
2024-04-01,7780,7836,7698,7832
2024-04-02,7830,7854,7794,7818
2024-04-03,7872,7930,7836,7908
2024-04-08,7814,7838,7690,7698
2024-04-09,7726,7758,7654,7720
2024-04-10,7716,7742,7654,7724
2024-04-11,7742,7742,7672,7722
2024-04-12,7702,7716,7560,7646
2024-04-15,7660,7816,7630,7644
2024-04-16,7650,7658,7560,7570
2024-04-17,7548,7578,7440,7486
2024-04-18,7502,7522,7444,7508
2024-04-19,7476,7524,7394,7440
2024-04-22,7402,7504,7402,7488
2024-04-23,7520,7684,7480,7618
2024-04-24,7600,7694,7586,7668
2024-04-25,7634,7696,7530,7558
2024-04-26,7544,7630,7514,7618
2024-04-29,7614,7692,7592,7650
2024-04-30,7662,7732,7566,7628
2024-05-06,7650,7730,7648,7696
2024-05-07,7700,7842,7700,7810
2024-05-08,7794,7852,7760,7780
2024-05-09,7746,7768,7682,7698
2024-05-10,7684,7714,7542,7570
2024-05-13,7570,7746,7562,7736
2024-05-14,7748,7808,7720,7756
2024-05-15,7658,7820,7602,7810
2024-05-16,7792,7838,7754,7788
2024-05-17,7810,7972,7792,7966
2024-05-20,7966,8028,7944,7986
2024-05-21,7990,8096,7936,8010
2024-05-22,8000,8062,7960,8042
2024-05-23,8024,8098,7942,8008
2024-05-24,8066,8110,7956,7978
2024-05-27,7978,8034,7916,7944
2024-05-28,7948,8142,7944,8106
2024-05-29,8120,8156,8050,8154
2024-05-30,8150,8188,8024,8030
2024-05-31,8012,8158,8012,8140
2024-06-03,8154,8168,7876,7902
2024-06-04,7928,7930,7832,7864
2024-06-05,7838,7874,7810,7826
2024-06-06,7838,7938,7812,7936
2024-06-07,7956,8034,7948,8008
2024-06-11,7978,8028,7856,7858
2024-06-12,7872,7968,7846,7942
2024-06-13,7954,7990,7866,7912
2024-06-14,7912,7960,7828,7884
2024-06-17,7892,7910,7728,7764
2024-06-18,7778,7880,7758,7840
2024-06-19,7840,7940,7814,7916
2024-06-20,7914,7942,7866,7890
2024-06-21,7890,7930,7808,7826
2024-06-24,7828,7884,7782,7832
2024-06-25,7810,7818,7720,7748
2024-06-26,7754,7810,7674,7800
2024-06-27,7800,7842,7758,7770
2024-06-28,7818,7850,7780,7834
2024-07-01,7818,7918,7810,7882
2024-07-02,7874,8046,7846,8040
2024-07-03,8074,8090,7990,8020
2024-07-04,8060,8080,7962,7994
2024-07-05,7976,8034,7938,7952
2024-07-08,7966,8002,7870,7892
2024-07-09,7872,7888,7750,7776
2024-07-10,7750,7762,7560,7572
2024-07-11,7606,7628,7570,7582
2024-07-12,7620,7710,7594,7638
2024-07-15,7628,7660,7538,7592
2024-07-16,7570,7652,7534,7612
2024-07-17,7590,7682,7584,7630
2024-07-18,7642,7708,7556,7692
2024-07-19,7688,7722,7644,7688
2024-07-22,7728,7800,7658,7776
2024-07-23,7778,7866,7772,7804
2024-07-24,7820,7856,7690,7710
2024-07-25,7732,7762,7662,7700
2024-07-26,7702,7830,7702,7794
2024-07-29,7758,7778,7552,7688
2024-07-30,7610,7684,7576,7616
2024-07-31,7586,7668,7546,7636
2024-08-01,7640,7680,7530,7560
2024-08-02,7554,7696,7520,7668
2024-08-05,7630,7650,7530,7578
2024-08-06,7482,7600,7398,7408
2024-08-07,7362,7434,7354,7406
2024-08-08,7444,7540,7442,7458
2024-08-09,7458,7534,7458,7504
2024-08-12,7526,7546,7456,7480
2024-08-13,7496,7526,7312,7348
2024-08-14,7366,7366,7222,7306
2024-08-15,7314,7378,7314,7364
2024-08-16,7336,7424,7328,7328
2024-08-19,7294,7400,7272,7368
2024-08-20,7358,7412,7334,7408
2024-08-21,7396,7456,7384,7436
2024-08-22,7460,7492,7366,7424
2024-08-23,7456,7474,7398,7426
2024-08-26,7468,7566,7434,7566
2024-08-27,7564,7668,7540,7632
2024-08-28,7632,7678,7610,7652
2024-08-29,7620,7688,7604,7658
2024-08-30,7688,7808,7666,7784
2024-09-02,7802,7816,7650,7652
2024-09-03,7652,7878,7638,7798
2024-09-04,7780,7794,7656,7682
2024-09-05,7710,7758,7652,7662
2024-09-06,7684,7780,7660,7704
2024-09-09,7726,7732,7588,7706
2024-09-10,7700,7762,7660,7670
2024-09-11,7690,7716,7604,7708
2024-09-12,7700,7704,7568,7660
2024-09-13,7670,7792,7618,7638
2024-09-18,7684,7824,7674,7802
2024-09-19,7802,7892,7782,7866
2024-09-20,7854,7922,7814,7902
2024-09-23,7878,7938,7836,7890
2024-09-24,7908,8016,7900,7976
2024-09-25,8020,8112,8002,8018
2024-09-26,8000,8204,7988,8148
2024-09-27,8212,8248,8068,8142
2024-09-30,8086,8194,8070,8148
2024-10-08,8400,8438,8170,8180
2024-10-09,8196,8260,8118,8168
2024-10-10,8138,8286,8082,8214
2024-10-11,8218,8332,8216,8266
2024-10-14,8278,8354,8194,8222
2024-10-15,8208,8244,8110,8144
2024-10-16,8150,8304,8150,8272
2024-10-17,8296,8340,8196,8206
2024-10-18,8224,8388,8186,8244
2024-10-21,8212,8250,8146,8206
2024-10-22,8226,8298,8220,8290
2024-10-23,8330,8474,8312,8466
2024-10-24,8430,8466,8356,8464
2024-10-25,8504,8606,8496,8518
2024-10-28,8538,8610,8332,8428
2024-10-29,8340,8412,8340,8378
2024-10-30,8456,8480,8348,8422
2024-10-31,8476,8478,8390,8460
2024-11-01,8512,8618,8462,8588
2024-11-04,8612,8746,8594,8670
2024-11-05,8670,8686,8596,8612
2024-11-06,8644,8716,8612,8684
2024-11-07,8684,8914,8664,8816
2024-11-08,8816,9024,8770,8840
2024-11-11,8880,8954,8796,8838
2024-11-12,8850,8860,8624,8636
2024-11-13,8602,8626,8286,8292
2024-11-14,8340,8354,8244,8320
2024-11-15,8350,8356,8226,8274
2024-11-18,8352,8366,8118,8120
2024-11-19,8126,8306,8070,8266
2024-11-20,8238,8276,8166,8240
2024-11-21,8200,8208,8086,8112
2024-11-22,8188,8190,7988,8018
2024-11-25,8000,8106,7972,8058
2024-11-26,8050,8128,7986,8040
2024-11-27,8062,8124,8032,8110
2024-11-28,8082,8126,8020,8078
2024-11-29,8126,8270,8098,8196
2024-12-02,8196,8268,8088,8100
2024-12-03,8068,8116,8002,8058
2024-12-04,7934,7992,7888,7900
2024-12-05,7862,7940,7762,7914
2024-12-06,7914,7932,7832,7896
2024-12-09,7912,7938,7816,7834
2024-12-10,7856,7994,7852,7872
2024-12-11,7876,8050,7848,8048
2024-12-12,8026,8072,7952,7954
2024-12-13,7974,7992,7886,7910
2024-12-16,7934,7954,7862,7928
2024-12-17,7888,7940,7834,7894
2024-12-18,7872,7882,7570,7590
2024-12-19,7558,7584,7414,7438
2024-12-20,7488,7574,7434,7570
2024-12-23,7562,7590,7514,7578
2024-12-24,7612,7648,7572,7634
2024-12-25,7644,7712,7634,7672
2024-12-26,7640,7692,7616,7682
2024-12-27,7682,7772,7656,7716
2024-12-30,7730,7750,7658,7700
2024-12-31,7702,7760,7670,7712
2025-01-02,7734,7894,7712,7724
2025-01-03,7730,7758,7590,7612
2025-01-06,7600,7658,7552,7560
2025-01-07,7602,7632,7524,7596
2025-01-08,7582,7602,7520,7552
2025-01-09,7574,7582,7456,7474
2025-01-10,7484,7584,7470,7580
2025-01-13,7584,7790,7576,7744
2025-01-14,7726,7822,7710,7790
2025-01-15,7800,7818,7728,7738
2025-01-16,7742,7820,7566,7606
2025-01-17,7580,7632,7494,7618
2025-01-20,7602,7724,7562,7710
2025-01-21,7710,7808,7642,7784
2025-01-22,7772,7800,7706,7726
2025-01-23,7726,7766,7610,7626
2025-01-24,7642,7676,7590,7616
2025-01-27,7628,7758,7598,7752
2025-02-05,7850,7904,7798,7896
2025-02-06,7862,8032,7852,8022
2025-02-07,8050,8208,8026,8200
2025-02-10,8188,8194,8088,8114
2025-02-11,8142,8172,8068,8098
2025-02-12,8116,8142,8048,8062
2025-02-13,8008,8064,7874,7914
2025-02-14,7880,7984,7864,7964
2025-02-17,7966,7978,7816,7854
2025-02-18,7842,7892,7824,7866
2025-02-19,7880,7966,7880,7926
2025-02-20,7944,7984,7886,7948
2025-02-21,7966,8022,7914,7932
2025-02-24,7926,7972,7860,7966
2025-02-25,7942,7994,7886,7920
2025-02-26,7900,7906,7832,7890
2025-02-27,7888,7954,7842,7944
2025-02-28,7966,7996,7940,7988
2025-03-03,7986,8042,7894,7984
2025-03-04,7994,8028,7852,7900
2025-03-05,7900,7906,7770,7814
2025-03-06,7826,7932,7774,7916
2025-03-07,7920,7988,7886,7980
2025-03-10,7992,8118,7914,8002
2025-03-11,7986,7992,7832,7854
2025-03-12,7854,7892,7820,7856
2025-03-13,7854,7998,7838,7988
2025-03-14,7998,8084,7974,8068
2025-03-17,8076,8134,8040,8062
2025-03-18,8060,8106,8034,8092
2025-03-19,8108,8138,8036,8042
2025-03-20,8070,8086,7982,8044
2025-03-21,8022,8072,7990,8022
2025-03-24,8002,8008,7902,7940
2025-03-25,7928,7962,7858,7872
2025-03-26,7878,7904,7854,7882
2025-03-27,7908,7924,7868,7918
2025-03-28,7990,8036,7952,7986
2025-03-31,7930,7966,7882,7954
2025-04-01,7948,7950,7862,7888
2025-04-02,7918,8034,7896,7968
2025-04-03,7968,8010,7852,7894
2025-04-07,7798,7798,7608,7620
2025-04-08,7650,7684,7600,7628
2025-04-09,7650,7668,7518,7576
2025-04-10,7560,7680,7544,7646
2025-04-11,7622,7698,7614,7680
2025-04-14,7700,7720,7680,7698
2025-04-15,7700,7700,7646,7676
2025-04-16,7660,7742,7640,7652
2025-04-17,7678,7756,7668,7748
2025-04-18,7740,7782,7686,7704
2025-04-21,7698,7750,7676,7722
2025-04-22,7700,7820,7680,7808
2025-04-23,7808,7844,7758,7838
2025-04-24,7822,7876,7806,7846
2025-04-25,7858,7998,7840,7934
2025-04-28,7930,7930,7788,7814
2025-04-29,7822,7852,7776,7780
2025-04-30,7780,7836,7764,7832
2025-05-06,7778,7798,7714,7760
2025-05-07,7728,7814,7726,7786
2025-05-08,7782,7782,7712,7760
2025-05-09,7790,7852,7764,7780
2025-05-12,7802,7820,7744,7814
2025-05-13,7850,7866,7770,7792
2025-05-14,7816,7920,7808,7914
2025-05-15,7882,7912,7780,7796
2025-05-16,7776,7792,7706,7754
2025-05-19,7750,7810,7740,7776
2025-05-20,7786,7840,7746,7820
2025-05-21,7820,7836,7786,7814
2025-05-22,7810,7816,7722,7760
2025-05-23,7770,7832,7758,7774
2025-05-26,7752,7762,7682,7704
2025-05-27,7716,7744,7694,7740
2025-05-28,7764,7770,7704,7712
2025-05-29,7720,7750,7656,7724
2025-05-30,7694,7710,7622,7638
2025-06-03,7612,7720,7612,7692
2025-06-04,7706,7722,7658,7688
2025-06-05,7690,7698,7650,7676
2025-06-06,7690,7748,7666,7738
2025-06-09,7720,7782,7720,7766
2025-06-10,7772,7796,7744,7758
2025-06-11,7746,7772,7682,7694
2025-06-12,7708,7718,7680,7688
2025-06-13,7720,7838,7704,7786
2025-06-16,7788,7998,7780,7960
2025-06-17,8000,8010,7932,7972
2025-06-18,7994,8086,7980,8084
2025-06-19,8092,8168,8070,8152
2025-06-20,8144,8198,8126,8156
2025-06-23,8168,8188,8084,8126
2025-06-24,8100,8108,7942,7950
2025-06-25,7948,7988,7920,7984
2025-06-26,7956,8026,7948,8000
2025-06-27,8012,8024,7984,8002
2025-06-30,7994,8008,7938,7984
2025-07-01,7996,8000,7948,7972
2025-07-02,8004,8034,7930,8018
2025-07-03,8046,8058,7990,7994
2025-07-04,8010,8010,7940,7944
2025-07-07,7936,7940,7862,7894
2025-07-08,7888,7966,7866,7946
2025-07-09,7938,7942,7906,7920
2025-07-10,7912,7958,7898,7944
2025-07-11,7942,8018,7922,7986
2025-07-14,7986,8026,7958,7994
2025-07-15,8010,8038,7984,8012
2025-07-16,8020,8064,7998,8042
2025-07-17,8034,8086,8022,8072
2025-07-18,8096,8176,8076,8160
2025-07-21,8156,8180,8086,8092
2025-07-22,8086,8108,8040,8076
2025-07-23,8066,8108,8042,8074
2025-07-24,8094,8174,8050,8166
2025-07-25,8166,8206,8112,8144
2025-07-28,8160,8160,8062,8120
2025-07-29,8130,8260,8098,8226
2025-07-30,8236,8280,8216,8240
2025-07-31,8220,8250,8172,8192
2025-08-01,8190,8290,8168,8274
2025-08-04,8274,8296,8210,8250
2025-08-05,8226,8352,8222,8344
2025-08-06,8320,8392,8272,8380
2025-08-07,8396,8466,8340,8378
2025-08-08,8400,8430,8366,8388
2025-08-11,8376,8460,8334,8440
2025-08-12,8440,8510,8410,8476
2025-08-13,8440,8676,8426,8576
2025-08-14,8596,8616,8502,8520
2025-08-15,8500,8548,8482,8534
2025-08-18,8558,8602,8512,8516
2025-08-19,8544,8592,8526,8526
2025-08-20,8500,8514,8358,8414
2025-08-21,8400,8440,8362,8394
2025-08-22,8394,8488,8386,8458
2025-08-25,8466,8520,8412,8488
2025-08-26,8504,8534,8454,8456
2025-08-27,8432,8452,8384,8390
2025-08-28,8408,8420,8368,8372
2025-08-29,8392,8394,8330,8358
2025-09-01,8360,8360,8296,8348
2025-09-02,8360,8404,8324,8356
2025-09-03,8350,8418,8328,8366
2025-09-04,8366,8384,8312,8356
2025-09-05,8340,8460,8330,8450
2025-09-08,8450,8454,8376,8416
2025-09-09,8424,8454,8392,8408
2025-09-10,8388,8408,8250,8256
2025-09-11,8272,8342,8262,8336
2025-09-12,8340,8378,8302,8322
2025-09-15,8350,8390,8328,8376
2025-09-16,8398,8448,8384,8418
2025-09-17,8448,8480,8358,8366
2025-09-18,8352,8366,8262,8284
2025-09-19,8298,8382,8282,8328
2025-09-22,8320,8396,8294,8366
2025-09-23,8310,8320,8018,8086
2025-09-24,8100,8120,8064,8100
2025-09-25,8166,8218,8142,8192
2025-09-26,8208,8222,8156,8162
2025-09-29,8150,8184,8128,8150
2025-09-30,8136,8142,8080,8140
2025-10-09,8212,8340,8212,8332
2025-10-10,8324,8378,8252,8302
2025-10-13,8282,8330,8236,8268
2025-10-14,8280,8316,8220,8240
2025-10-15,8224,8282,8210,8252
2025-10-16,8250,8280,8232,8256
2025-10-17,8276,8320,8248,8256
2025-10-20,8272,8344,8272,8298
2025-10-21,8298,8348,8278,8294
2025-10-22,8294,8298,8202,8238
2025-10-23,8242,8248,8174,8188
2025-10-24,8218,8224,8156,8194
2025-10-27,8192,8258,8180,8234
2025-10-28,8254,8254,8162,8182
2025-10-29,8150,8160,8020,8132
2025-10-30,8124,8184,8100,8168
2025-10-31,8166,8190,8118,8128
2025-11-03,8108,8140,8066,8110
2025-11-04,8074,8202,8062,8108
2025-11-05,8094,8158,8078,8138
2025-11-06,8138,8190,8120,8188
2025-11-07,8200,8230,8114,8184
2025-11-10,8186,8248,8178,8228
2025-11-11,8230,8286,8216,8238
2025-11-12,8246,8298,8230,8288
2025-11-13,8272,8326,8240,8316
2025-11-14,8330,8334,8246,8256
2025-11-17,8262,8308,8224,8282
2025-11-18,8288,8336,8268,8320
2025-11-19,8352,8402,8352,8356
2025-11-20,8336,8390,8222,8224
2025-11-21,8234,8248,8174,8190
2025-11-24,8180,8204,8140,8168
2025-11-25,8152,8194,8130,8144
2025-11-26,8118,8160,8080,8150
2025-11-27,7938,8012,7930,8002
2025-11-28,8022,8048,7998,8040
2025-12-01,8050,8096,8024,8086
2025-12-02,8070,8118,8050,8096
2025-12-03,8082,8124,8058,8094
2025-12-04,8096,8110,8038,8070
2025-12-05,8068,8106,8046,8080
2025-12-08,8092,8114,8026,8032
2025-12-09,8032,8042,7968,7984
2025-12-10,7984,8046,7968,8000
2025-12-11,8036,8050,8014,8036
2025-12-12,8032,8050,7990,7994
2025-12-15,7960,7986,7904,7940
2025-12-16,7926,7940,7858,7872
2025-12-17,7852,7852,7814,7822
2025-12-18,7820,7862,7794,7802
2025-12-19,7786,7792,7672,7712
2025-12-22,7714,7776,7680,7772
2025-12-23,7786,7796,7740,7772
2025-12-24,7772,7808,7752,7764
2025-12-25,7766,7832,7760,7824
2025-12-26,7838,7858,7822,7836
2025-12-29,7856,7870,7810,7818
2025-12-30,7802,7890,7796,7878
2025-12-31,7880,7896,7832,7862
2026-01-05,7898,7904,7824,7856
2026-01-06,7868,7928,7866,7912
2026-01-07,7930,7960,7882,7958
2026-01-08,7974,7998,7930,7944
2026-01-09,7968,7996,7932,7994
2026-01-12,7970,8016,7928,7994
2026-01-13,8008,8038,7976,7986
2026-01-14,7992,8026,7956,8000
2026-01-15,8010,8018,7924,7938
2026-01-16,7930,8048,7874,8016
2026-01-19,8014,8024,7964,7996
2026-01-20,8000,8066,7994,8032
2026-01-21,8040,8066,8010,8044
2026-01-22,8060,8118,8060,8084
2026-01-23,8080,8118,8066,8094
2026-01-26,8124,8234,8114,8226
2026-01-27,8222,8274,8158,8258
2026-01-28,8272,8344,8266,8326
2026-01-29,8346,8398,8312,8382
2026-01-30,8390,8410,8224,8282
2026-02-02,8278,8326,8052,8092
2026-02-03,8090,8148,8082,8086
2026-02-04,8150,8174,8112,8140
2026-02-05,8140,8198,8096,8104
2026-02-06,8090,8136,8078,8102
2026-02-09,8102,8154,8092,8114
2026-02-10,8134,8146,8086,8098
2026-02-11,8096,8122,8072,8110
2026-02-12,8136,8140,8080,8082
2026-02-13,8072,8118,8010,8054
2026-02-24,8130,8176,8110,8140
2026-02-25,8136,8256,8124,8228
2026-02-26,8220,8246,8176,8198
2026-02-27,8206,8266,8198,8226
2026-03-02,8246,8304,8208,8260
2026-03-03,8280,8400,8270,8350
2026-03-04,8370,8422,8322,8370
2026-03-05,8360,8404,8292,8370
2026-03-06,8360,8448,8354,8412
2026-03-09,8500,8910,8466,8672
2026-03-10,8654,8676,8388,8444
2026-03-11,8484,8602,8432,8570
2026-03-12,8670,8708,8572,8632
2026-03-13,8650,8790,8628,8690
2026-03-16,8660,8758,8646,8716
2026-03-17,8652,8686,8570,8644
2026-03-18,8690,8692,8534,8540
2026-03-19,8606,8678,8588,8616
2026-03-20,8618,8656,8550,8628
2026-03-23,8646,8756,8608,8740
2026-03-24,8632,8680,8544,8594
2026-03-25,8632,8634,8510,8550
2026-03-26,8556,8648,8540,8646
2026-03-27,8672,8704,8606,8688
2026-03-30,8746,8770,8614,8714
2026-03-31,8712,8782,8644,8668
2026-04-01,8724,8818,8616,8624
2026-04-02,8620,8700,8548,8664
2026-04-03,8702,8720,8620,8674
2026-04-07,8720,8774,8676,8748
2026-04-08,8748,8762,8438,8460
2026-04-09,8460,8514,8420,8496
2026-04-10,8522,8552,8501,8506
2026-04-13,8482,8539,8460,8487
2026-04-14,8496,8516,8426,8458
2026-04-15,8446,8447,8358,8425
2026-04-16,8435,8470,8393,8448
2026-04-17,8464,8494,8421,8466
2026-04-20,8397,8479,8374,8473
2026-04-21,8465,8597,8442,8587
2026-04-22,8600,8643,8573,8626
2026-04-23,8626,8663,8569,8618
2026-04-24,8600,8633,8492,8527
2026-04-27,8520,8596,8513,8533
2026-04-28,8530,8574,8513,8559
2026-04-29,8559,8585,8509,8573
2026-04-30,8605,8626,8557,8605
2026-05-06,8630,8727,8620,8664
2026-05-07,8606,8643,8542,8581
2026-05-08,8520,8562,8470,8487
2026-05-11,8487,8578,8480,8562
2026-05-12,8567,8592,8510,8551
2026-05-13,8565,8585,8527,8544
2026-05-14,8560,8586,8502,8514
2026-05-15,8490,8503,8432,8435
2026-05-18,8430,8484,8402,8475
2026-05-19,8475,8610,8450,8588
2026-05-20,8600,8682,8559,8636
2026-05-21,8610,8641,8524,8537
2026-05-22,8556,8556,8484,8505
2026-05-25,8495,8502,8421,8440
2026-05-26,8460,8467,8406,8415
2026-05-27,8433,8475,8423,8442
2026-05-28,8422,8546,8413,8538
2026-05-29,8560,8566,8512,8553
2026-06-01,8573,8608,8545,8596
2026-06-02,8583,8603,8532,8558
2026-06-03,8539,8600,8513,8590
2026-06-04,8600,8630,8485,8499
2026-06-05,8472,8505,8415,8440
2026-06-08,8440,8457,8343,8376
2026-06-09,8356,8366,8272,8318
2026-06-10,8336,8342,8283,8320
2026-06-11,8343,8383,8329,8361
2026-06-12,8376,8380,8322,8357
2026-06-15,8343,8362,8297,8328
2026-06-16,8298,8354,8270,8345
2026-06-17,8325,8412,8325,8384
2026-06-18,8410,8415,8321,8353
2026-06-22,8371,8410,8341,8363
2026-06-23,8320,8408,8320,8353
2026-06-24,8356,8408,8344,8393
2026-06-25,8375,8422,8302,8351
2026-06-26,8336,8456,8334,8441
2026-06-29,8440,8484,8433,8469
2026-06-30,8491,8491,8433,8447
2026-07-01,8447,8452,8362,8430
2026-07-02,8406,8465,8403,8425
2026-07-03,8435,8455,8403,8406
2026-07-06,8403,8523,8393,8510
2026-07-07,8532,8598,8518,8587
2026-07-08,8637,8650,8562,8616
2026-07-09,8642,8657,8580,8610
2026-07-10,8594,8616,8527,8543
2026-07-13,8566,8619,8533,8568
2026-07-14,8600,8614,8557,8608
2026-07-15,8598,8624,8574,8598
2026-07-16,8598,8625,8552,8570
2026-07-17,8590,8590,8511,8535
2026-07-20,8545,8631,8545,8599
2026-07-21,8608,8608,8524,8542
2026-07-22,8542,8550,8430,8442
2026-07-23,8453,8552,8445,8545
2026-07-24,8575,8644,8550,8620
2026-07-27,8589,8610,8465,8471
2026-07-28,8500,8504,8394,8419
2026-07-29,8430,8450,8403,8412
2026-07-30,8430,8430,8368,8407
2026-07-31,8425,8441,8391,8406
2026-08-03,8428,8430,8380,8388
2026-08-04,8371,8466,8371,8440
2026-08-05,8406,8438,8394,8424
2026-08-06,8411,8442,8404,8441
2026-08-07,8470,8473,8410,8443
2026-08-10,8439,8480,8432,8445
2026-08-11,8459,8479,8444,8468
2026-08-12,8448,8462,8422,8442
2026-08-13,8442,8495,8424,8485
2026-08-14,8492,8547,8460,8541
2026-08-17,8527,8570,8519,8561
2026-08-18,8578,8700,8562,8694
2026-08-19,8689,8771,8672,8747
2026-08-20,8750,8866,8743,8847
2026-08-21,8899,8899,8765,8824
2026-08-24,8830,8890,8730,8805
2026-08-25,8790,8798,8686,8764
2026-08-26,8738,8795,8710,8765
2026-08-27,8786,8856,8757,8828
2026-08-28,8824,9017,8776,8965
2026-08-31,8972,9076,8946,9045
2026-09-01,9000,9164,8967,9098
2026-09-02,9098,9250,9053,9113
2026-09-03,9128,9263,9093,9123
2026-09-04,9110,9228,9057,9165
2026-09-07,9134,9206,9080,9172
2026-09-08,9170,9286,9153,9189
2026-09-09,9150,9173,9081,9143
2026-09-10,9153,9155,8995,9064
2026-09-11,9128,9177,9023,9026
2026-09-14,9010,9074,8974,9005
2026-09-15,9009,9048,8902,8927
2026-09-16,8927,9063,8914,9036
2026-09-17,9060,9078,8956,8969
2026-09-18,8956,8974,8856,8875
